"","conv","stress","permanova_F","permanova_R2","permanova_p"
"1","TRUE",0.159373943592545,3.13440913415215,0.500751599228497,0.001
