"","conv","stress","permanova_F","permanova_R2","permanova_p"
"1","TRUE",0.170584492559733,3.17876991439794,0.504264901410434,0.001
